Date,Platform,Status,Content Pillar,Idea/Topic,Hook,Visual Directive,Copy/Caption,Hashtags,CTA
2026-02-01,Instagram,Planned,Value (Educational),Stop manually sending emails - do this instead,Stop doing Stop manually sending emails - do this instead manually.,"B-roll of working in a cafe, text overlay.","ðŸ”¥ Stop doing Stop manually sending emails - do this instead manually.

Here is the breakdown of Stop manually sending emails - do this instead.

1. Step One... (Expand here)
2. Step Two... (Expand here)
3. Step Three... (Expand here)

Save this for later! #automation #ai #business #AutoFlowDigital",#AI #Automation #AutoFlowDigital,Follow for more automation tips.
2026-02-01,Instagram,Planned (Trial Variant),Value (Educational),Stop manually sending emails - do this instead,"[VARIANT B] If you're still doing Stop manually sending emails - do this instead, you're losing money.","B-roll of working in a cafe, text overlay.","ðŸ”¥ Stop doing Stop manually sending emails - do this instead manually.

Here is the breakdown of Stop manually sending emails - do this instead.

1. Step One... (Expand here)
2. Step Two... (Expand here)
3. Step Three... (Expand here)

Save this for later! #automation #ai #business #AutoFlowDigital",#AI #Automation #AutoFlowDigital,Follow for more automation tips.
2026-02-01,Facebook,Planned,Value (Educational),Stop manually sending emails - do this instead,The secret to Stop manually sending emails - do this instead revealed.,Screen recording of n8n workflow executing.,"ðŸ”¥ The secret to Stop manually sending emails - do this instead revealed.

Here is the breakdown of Stop manually sending emails - do this instead.

1. Step One... (Expand here)
2. Step Two... (Expand here)
3. Step Three... (Expand here)

Save this for later! #automation #ai #business #AutoFlowDigital",#AI #Automation #AutoFlowDigital,Follow for more automation tips.
2026-02-01,LinkedIn,Planned,Value (Educational),Stop manually sending emails - do this instead,The secret to Stop manually sending emails - do this instead revealed.,"Talking head, intense eye contact, fast cuts.","ðŸ”¥ The secret to Stop manually sending emails - do this instead revealed.

Here is the breakdown of Stop manually sending emails - do this instead.

1. Step One... (Expand here)
2. Step Two... (Expand here)
3. Step Three... (Expand here)

Save this for later! #automation #ai #business #AutoFlowDigital",#AI #Automation #AutoFlowDigital,Follow for more automation tips.
2026-02-01,TikTok,Planned,Value (Educational),Stop manually sending emails - do this instead,I automate Stop manually sending emails - do this instead in 5 minutes. Here's how.,"B-roll of working in a cafe, text overlay.","ðŸ”¥ I automate Stop manually sending emails - do this instead in 5 minutes. Here's how.

Here is the breakdown of Stop manually sending emails - do this instead.

1. Step One... (Expand here)
2. Step Two... (Expand here)
3. Step Three... (Expand here)

Save this for later! #automation #ai #business #AutoFlowDigital",#AI #Automation #AutoFlowDigital,Follow for more automation tips.
2026-02-01,YouTube Shorts,Planned,Value (Educational),Stop manually sending emails - do this instead,"If you're still doing Stop manually sending emails - do this instead, you're losing money.",Green screen over a news article about AI.,"ðŸ”¥ If you're still doing Stop manually sending emails - do this instead, you're losing money.

Here is the breakdown of Stop manually sending emails - do this instead.

1. Step One... (Expand here)
2. Step Two... (Expand here)
3. Step Three... (Expand here)

Save this for later! #automation #ai #business #AutoFlowDigital",#AI #Automation #AutoFlowDigital,Follow for more automation tips.
2026-02-02,Instagram,Planned,Promo (Sales),Flash sale on our Automation Blueprint,Why 99% of businesses fail at Flash sale on our Automation Blueprint.,Green screen over a news article about AI.,"ðŸ”¥ Why 99% of businesses fail at Flash sale on our Automation Blueprint.

Here is the breakdown of Flash sale on our Automation Blueprint.

1. Step One... (Expand here)
2. Step Two... (Expand here)
3. Step Three... (Expand here)

Save this for later! #automation #ai #business #AutoFlowDigital",#AI #Automation #AutoFlowDigital,Comment 'AUTO' for the link!
2026-02-02,Facebook,Planned,Promo (Sales),Flash sale on our Automation Blueprint,I automate Flash sale on our Automation Blueprint in 5 minutes. Here's how.,Screen recording of n8n workflow executing.,"ðŸ”¥ I automate Flash sale on our Automation Blueprint in 5 minutes. Here's how.

Here is the breakdown of Flash sale on our Automation Blueprint.

1. Step One... (Expand here)
2. Step Two... (Expand here)
3. Step Three... (Expand here)

Save this for later! #automation #ai #business #AutoFlowDigital",#AI #Automation #AutoFlowDigital,Comment 'AUTO' for the link!
2026-02-02,LinkedIn,Planned,Promo (Sales),Flash sale on our Automation Blueprint,"If you're still doing Flash sale on our Automation Blueprint, you're losing money.","B-roll of working in a cafe, text overlay.","ðŸ”¥ If you're still doing Flash sale on our Automation Blueprint, you're losing money.

Here is the breakdown of Flash sale on our Automation Blueprint.

1. Step One... (Expand here)
2. Step Two... (Expand here)
3. Step Three... (Expand here)

Save this for later! #automation #ai #business #AutoFlowDigital",#AI #Automation #AutoFlowDigital,Comment 'AUTO' for the link!
2026-02-02,TikTok,Planned,Promo (Sales),Flash sale on our Automation Blueprint,Stop doing Flash sale on our Automation Blueprint manually.,"Talking head, intense eye contact, fast cuts.","ðŸ”¥ Stop doing Flash sale on our Automation Blueprint manually.

Here is the breakdown of Flash sale on our Automation Blueprint.

1. Step One... (Expand here)
2. Step Two... (Expand here)
3. Step Three... (Expand here)

Save this for later! #automation #ai #business #AutoFlowDigital",#AI #Automation #AutoFlowDigital,Comment 'AUTO' for the link!
2026-02-02,YouTube Shorts,Planned,Promo (Sales),Flash sale on our Automation Blueprint,The secret to Flash sale on our Automation Blueprint revealed.,Green screen over a news article about AI.,"ðŸ”¥ The secret to Flash sale on our Automation Blueprint revealed.

Here is the breakdown of Flash sale on our Automation Blueprint.

1. Step One... (Expand here)
2. Step Two... (Expand here)
3. Step Three... (Expand here)

Save this for later! #automation #ai #business #AutoFlowDigital",#AI #Automation #AutoFlowDigital,Comment 'AUTO' for the link!
2026-02-03,Instagram,Planned,Value (Educational),Top 3 AI tools for business efficiency,Stop doing AI tools for business efficiency manually.,"B-roll of working in a cafe, text overlay.","ðŸ”¥ Stop doing AI tools for business efficiency manually.

Here is the breakdown of Top 3 AI tools for business efficiency.

1. Step One... (Expand here)
2. Step Two... (Expand here)
3. Step Three... (Expand here)

Save this for later! #automation #ai #business #AutoFlowDigital",#AI #Automation #AutoFlowDigital,Follow for more automation tips.
2026-02-03,Facebook,Planned,Value (Educational),Top 3 AI tools for business efficiency,Stop doing AI tools for business efficiency manually.,Green screen over a news article about AI.,"ðŸ”¥ Stop doing AI tools for business efficiency manually.

Here is the breakdown of Top 3 AI tools for business efficiency.

1. Step One... (Expand here)
2. Step Two... (Expand here)
3. Step Three... (Expand here)

Save this for later! #automation #ai #business #AutoFlowDigital",#AI #Automation #AutoFlowDigital,Follow for more automation tips.
2026-02-03,LinkedIn,Planned,Value (Educational),Top 3 AI tools for business efficiency,Stop doing AI tools for business efficiency manually.,"B-roll of working in a cafe, text overlay.","ðŸ”¥ Stop doing AI tools for business efficiency manually.

Here is the breakdown of Top 3 AI tools for business efficiency.

1. Step One... (Expand here)
2. Step Two... (Expand here)
3. Step Three... (Expand here)

Save this for later! #automation #ai #business #AutoFlowDigital",#AI #Automation #AutoFlowDigital,Follow for more automation tips.
2026-02-03,TikTok,Planned,Value (Educational),Top 3 AI tools for business efficiency,The secret to AI tools for business efficiency revealed.,Pov: You just automated your entire job.,"ðŸ”¥ The secret to AI tools for business efficiency revealed.

Here is the breakdown of Top 3 AI tools for business efficiency.

1. Step One... (Expand here)
2. Step Two... (Expand here)
3. Step Three... (Expand here)

Save this for later! #automation #ai #business #AutoFlowDigital",#AI #Automation #AutoFlowDigital,Follow for more automation tips.
2026-02-03,YouTube Shorts,Planned,Value (Educational),Top 3 AI tools for business efficiency,Stop doing AI tools for business efficiency manually.,"B-roll of working in a cafe, text overlay.","ðŸ”¥ Stop doing AI tools for business efficiency manually.

Here is the breakdown of Top 3 AI tools for business efficiency.

1. Step One... (Expand here)
2. Step Two... (Expand here)
3. Step Three... (Expand here)

Save this for later! #automation #ai #business #AutoFlowDigital",#AI #Automation #AutoFlowDigital,Follow for more automation tips.
2026-02-04,Instagram,Planned,Value (Educational),Workflow of the week: Lead Gen Automation,I automate Workflow of the week: Lead Gen Automation in 5 minutes. Here's how.,"Talking head, intense eye contact, fast cuts.","ðŸ”¥ I automate Workflow of the week: Lead Gen Automation in 5 minutes. Here's how.

Here is the breakdown of Workflow of the week: Lead Gen Automation.

1. Step One... (Expand here)
2. Step Two... (Expand here)
3. Step Three... (Expand here)

Save this for later! #automation #ai #business #AutoFlowDigital",#AI #Automation #AutoFlowDigital,Follow for more automation tips.
2026-02-04,Facebook,Planned,Value (Educational),Workflow of the week: Lead Gen Automation,I automate Workflow of the week: Lead Gen Automation in 5 minutes. Here's how.,Screen recording of n8n workflow executing.,"ðŸ”¥ I automate Workflow of the week: Lead Gen Automation in 5 minutes. Here's how.

Here is the breakdown of Workflow of the week: Lead Gen Automation.

1. Step One... (Expand here)
2. Step Two... (Expand here)
3. Step Three... (Expand here)

Save this for later! #automation #ai #business #AutoFlowDigital",#AI #Automation #AutoFlowDigital,Follow for more automation tips.
2026-02-04,LinkedIn,Planned,Value (Educational),Workflow of the week: Lead Gen Automation,"If you're still doing Workflow of the week: Lead Gen Automation, you're losing money.","Talking head, intense eye contact, fast cuts.","ðŸ”¥ If you're still doing Workflow of the week: Lead Gen Automation, you're losing money.

Here is the breakdown of Workflow of the week: Lead Gen Automation.

1. Step One... (Expand here)
2. Step Two... (Expand here)
3. Step Three... (Expand here)

Save this for later! #automation #ai #business #AutoFlowDigital",#AI #Automation #AutoFlowDigital,Follow for more automation tips.
2026-02-04,TikTok,Planned,Value (Educational),Workflow of the week: Lead Gen Automation,Stop doing Workflow of the week: Lead Gen Automation manually.,"Talking head, intense eye contact, fast cuts.","ðŸ”¥ Stop doing Workflow of the week: Lead Gen Automation manually.

Here is the breakdown of Workflow of the week: Lead Gen Automation.

1. Step One... (Expand here)
2. Step Two... (Expand here)
3. Step Three... (Expand here)

Save this for later! #automation #ai #business #AutoFlowDigital",#AI #Automation #AutoFlowDigital,Follow for more automation tips.
2026-02-04,YouTube Shorts,Planned,Value (Educational),Workflow of the week: Lead Gen Automation,Stop doing Workflow of the week: Lead Gen Automation manually.,"B-roll of working in a cafe, text overlay.","ðŸ”¥ Stop doing Workflow of the week: Lead Gen Automation manually.

Here is the breakdown of Workflow of the week: Lead Gen Automation.

1. Step One... (Expand here)
2. Step Two... (Expand here)
3. Step Three... (Expand here)

Save this for later! #automation #ai #business #AutoFlowDigital",#AI #Automation #AutoFlowDigital,Follow for more automation tips.
2026-02-05,Instagram,Planned,Promo (Sales),Comment 'AUTO' to get our free guide,The secret to Comment 'AUTO' to get our free guide revealed.,Green screen over a news article about AI.,"ðŸ”¥ The secret to Comment 'AUTO' to get our free guide revealed.

Here is the breakdown of Comment 'AUTO' to get our free guide.

1. Step One... (Expand here)
2. Step Two... (Expand here)
3. Step Three... (Expand here)

Save this for later! #automation #ai #business #AutoFlowDigital",#AI #Automation #AutoFlowDigital,Comment 'AUTO' for the link!
2026-02-05,Facebook,Planned,Promo (Sales),Comment 'AUTO' to get our free guide,Stop doing Comment 'AUTO' to get our free guide manually.,"B-roll of working in a cafe, text overlay.","ðŸ”¥ Stop doing Comment 'AUTO' to get our free guide manually.

Here is the breakdown of Comment 'AUTO' to get our free guide.

1. Step One... (Expand here)
2. Step Two... (Expand here)
3. Step Three... (Expand here)

Save this for later! #automation #ai #business #AutoFlowDigital",#AI #Automation #AutoFlowDigital,Comment 'AUTO' for the link!
2026-02-05,LinkedIn,Planned,Promo (Sales),Comment 'AUTO' to get our free guide,Stop doing Comment 'AUTO' to get our free guide manually.,Pov: You just automated your entire job.,"ðŸ”¥ Stop doing Comment 'AUTO' to get our free guide manually.

Here is the breakdown of Comment 'AUTO' to get our free guide.

1. Step One... (Expand here)
2. Step Two... (Expand here)
3. Step Three... (Expand here)

Save this for later! #automation #ai #business #AutoFlowDigital",#AI #Automation #AutoFlowDigital,Comment 'AUTO' for the link!
2026-02-05,TikTok,Planned,Promo (Sales),Comment 'AUTO' to get our free guide,Why 99% of businesses fail at Comment 'AUTO' to get our free guide.,"Talking head, intense eye contact, fast cuts.","ðŸ”¥ Why 99% of businesses fail at Comment 'AUTO' to get our free guide.

Here is the breakdown of Comment 'AUTO' to get our free guide.

1. Step One... (Expand here)
2. Step Two... (Expand here)
3. Step Three... (Expand here)

Save this for later! #automation #ai #business #AutoFlowDigital",#AI #Automation #AutoFlowDigital,Comment 'AUTO' for the link!
2026-02-05,YouTube Shorts,Planned,Promo (Sales),Comment 'AUTO' to get our free guide,Why 99% of businesses fail at Comment 'AUTO' to get our free guide.,Green screen over a news article about AI.,"ðŸ”¥ Why 99% of businesses fail at Comment 'AUTO' to get our free guide.

Here is the breakdown of Comment 'AUTO' to get our free guide.

1. Step One... (Expand here)
2. Step Two... (Expand here)
3. Step Three... (Expand here)

Save this for later! #automation #ai #business #AutoFlowDigital",#AI #Automation #AutoFlowDigital,Comment 'AUTO' for the link!
2026-02-06,Instagram,Planned,Value (Educational),How to use AI Agents to book meetings,The secret to use AI Agents to book meetings revealed.,Green screen over a news article about AI.,"ðŸ”¥ The secret to use AI Agents to book meetings revealed.

Here is the breakdown of How to use AI Agents to book meetings.

1. Step One... (Expand here)
2. Step Two... (Expand here)
3. Step Three... (Expand here)

Save this for later! #automation #ai #business #AutoFlowDigital",#AI #Automation #AutoFlowDigital,Follow for more automation tips.
2026-02-06,Facebook,Planned,Value (Educational),How to use AI Agents to book meetings,Stop doing use AI Agents to book meetings manually.,Pov: You just automated your entire job.,"ðŸ”¥ Stop doing use AI Agents to book meetings manually.

Here is the breakdown of How to use AI Agents to book meetings.

1. Step One... (Expand here)
2. Step Two... (Expand here)
3. Step Three... (Expand here)

Save this for later! #automation #ai #business #AutoFlowDigital",#AI #Automation #AutoFlowDigital,Follow for more automation tips.
2026-02-06,LinkedIn,Planned,Value (Educational),How to use AI Agents to book meetings,Why 99% of businesses fail at use AI Agents to book meetings.,Pov: You just automated your entire job.,"ðŸ”¥ Why 99% of businesses fail at use AI Agents to book meetings.

Here is the breakdown of How to use AI Agents to book meetings.

1. Step One... (Expand here)
2. Step Two... (Expand here)
3. Step Three... (Expand here)

Save this for later! #automation #ai #business #AutoFlowDigital",#AI #Automation #AutoFlowDigital,Follow for more automation tips.
2026-02-06,TikTok,Planned,Value (Educational),How to use AI Agents to book meetings,Why 99% of businesses fail at use AI Agents to book meetings.,Green screen over a news article about AI.,"ðŸ”¥ Why 99% of businesses fail at use AI Agents to book meetings.

Here is the breakdown of How to use AI Agents to book meetings.

1. Step One... (Expand here)
2. Step Two... (Expand here)
3. Step Three... (Expand here)

Save this for later! #automation #ai #business #AutoFlowDigital",#AI #Automation #AutoFlowDigital,Follow for more automation tips.
2026-02-06,YouTube Shorts,Planned,Value (Educational),How to use AI Agents to book meetings,Stop doing use AI Agents to book meetings manually.,Screen recording of n8n workflow executing.,"ðŸ”¥ Stop doing use AI Agents to book meetings manually.

Here is the breakdown of How to use AI Agents to book meetings.

1. Step One... (Expand here)
2. Step Two... (Expand here)
3. Step Three... (Expand here)

Save this for later! #automation #ai #business #AutoFlowDigital",#AI #Automation #AutoFlowDigital,Follow for more automation tips.
2026-02-07,Instagram,Planned,Value (Educational),Stop manually sending emails - do this instead,Why 99% of businesses fail at Stop manually sending emails - do this instead.,Green screen over a news article about AI.,"ðŸ”¥ Why 99% of businesses fail at Stop manually sending emails - do this instead.

Here is the breakdown of Stop manually sending emails - do this instead.

1. Step One... (Expand here)
2. Step Two... (Expand here)
3. Step Three... (Expand here)

Save this for later! #automation #ai #business #AutoFlowDigital",#AI #Automation #AutoFlowDigital,Follow for more automation tips.
2026-02-07,Instagram,Planned (Trial Variant),Value (Educational),Stop manually sending emails - do this instead,[VARIANT B] The secret to Stop manually sending emails - do this instead revealed.,Green screen over a news article about AI.,"ðŸ”¥ Why 99% of businesses fail at Stop manually sending emails - do this instead.

Here is the breakdown of Stop manually sending emails - do this instead.

1. Step One... (Expand here)
2. Step Two... (Expand here)
3. Step Three... (Expand here)

Save this for later! #automation #ai #business #AutoFlowDigital",#AI #Automation #AutoFlowDigital,Follow for more automation tips.
2026-02-07,Facebook,Planned,Value (Educational),Stop manually sending emails - do this instead,The secret to Stop manually sending emails - do this instead revealed.,Screen recording of n8n workflow executing.,"ðŸ”¥ The secret to Stop manually sending emails - do this instead revealed.

Here is the breakdown of Stop manually sending emails - do this instead.

1. Step One... (Expand here)
2. Step Two... (Expand here)
3. Step Three... (Expand here)

Save this for later! #automation #ai #business #AutoFlowDigital",#AI #Automation #AutoFlowDigital,Follow for more automation tips.
2026-02-07,LinkedIn,Planned,Value (Educational),Stop manually sending emails - do this instead,Stop doing Stop manually sending emails - do this instead manually.,"Talking head, intense eye contact, fast cuts.","ðŸ”¥ Stop doing Stop manually sending emails - do this instead manually.

Here is the breakdown of Stop manually sending emails - do this instead.

1. Step One... (Expand here)
2. Step Two... (Expand here)
3. Step Three... (Expand here)

Save this for later! #automation #ai #business #AutoFlowDigital",#AI #Automation #AutoFlowDigital,Follow for more automation tips.
2026-02-07,TikTok,Planned,Value (Educational),Stop manually sending emails - do this instead,Stop doing Stop manually sending emails - do this instead manually.,"B-roll of working in a cafe, text overlay.","ðŸ”¥ Stop doing Stop manually sending emails - do this instead manually.

Here is the breakdown of Stop manually sending emails - do this instead.

1. Step One... (Expand here)
2. Step Two... (Expand here)
3. Step Three... (Expand here)

Save this for later! #automation #ai #business #AutoFlowDigital",#AI #Automation #AutoFlowDigital,Follow for more automation tips.
2026-02-07,YouTube Shorts,Planned,Value (Educational),Stop manually sending emails - do this instead,I automate Stop manually sending emails - do this instead in 5 minutes. Here's how.,Green screen over a news article about AI.,"ðŸ”¥ I automate Stop manually sending emails - do this instead in 5 minutes. Here's how.

Here is the breakdown of Stop manually sending emails - do this instead.

1. Step One... (Expand here)
2. Step Two... (Expand here)
3. Step Three... (Expand here)

Save this for later! #automation #ai #business #AutoFlowDigital",#AI #Automation #AutoFlowDigital,Follow for more automation tips.
2026-02-08,Instagram,Planned,Promo (Sales),Need custom n8n workflows? DM us.,"If you're still doing Need custom n8n workflows? DM us., you're losing money.","Talking head, intense eye contact, fast cuts.","ðŸ”¥ If you're still doing Need custom n8n workflows? DM us., you're losing money.

Here is the breakdown of Need custom n8n workflows? DM us..

1. Step One... (Expand here)
2. Step Two... (Expand here)
3. Step Three... (Expand here)

Save this for later! #automation #ai #business #AutoFlowDigital",#AI #Automation #AutoFlowDigital,Comment 'AUTO' for the link!
2026-02-08,Facebook,Planned,Promo (Sales),Need custom n8n workflows? DM us.,The secret to Need custom n8n workflows? DM us. revealed.,"Talking head, intense eye contact, fast cuts.","ðŸ”¥ The secret to Need custom n8n workflows? DM us. revealed.

Here is the breakdown of Need custom n8n workflows? DM us..

1. Step One... (Expand here)
2. Step Two... (Expand here)
3. Step Three... (Expand here)

Save this for later! #automation #ai #business #AutoFlowDigital",#AI #Automation #AutoFlowDigital,Comment 'AUTO' for the link!
2026-02-08,LinkedIn,Planned,Promo (Sales),Need custom n8n workflows? DM us.,"If you're still doing Need custom n8n workflows? DM us., you're losing money.",Screen recording of n8n workflow executing.,"ðŸ”¥ If you're still doing Need custom n8n workflows? DM us., you're losing money.

Here is the breakdown of Need custom n8n workflows? DM us..

1. Step One... (Expand here)
2. Step Two... (Expand here)
3. Step Three... (Expand here)

Save this for later! #automation #ai #business #AutoFlowDigital",#AI #Automation #AutoFlowDigital,Comment 'AUTO' for the link!
2026-02-08,TikTok,Planned,Promo (Sales),Need custom n8n workflows? DM us.,The secret to Need custom n8n workflows? DM us. revealed.,"B-roll of working in a cafe, text overlay.","ðŸ”¥ The secret to Need custom n8n workflows? DM us. revealed.

Here is the breakdown of Need custom n8n workflows? DM us..

1. Step One... (Expand here)
2. Step Two... (Expand here)
3. Step Three... (Expand here)

Save this for later! #automation #ai #business #AutoFlowDigital",#AI #Automation #AutoFlowDigital,Comment 'AUTO' for the link!
2026-02-08,YouTube Shorts,Planned,Promo (Sales),Need custom n8n workflows? DM us.,"If you're still doing Need custom n8n workflows? DM us., you're losing money.",Screen recording of n8n workflow executing.,"ðŸ”¥ If you're still doing Need custom n8n workflows? DM us., you're losing money.

Here is the breakdown of Need custom n8n workflows? DM us..

1. Step One... (Expand here)
2. Step Two... (Expand here)
3. Step Three... (Expand here)

Save this for later! #automation #ai #business #AutoFlowDigital",#AI #Automation #AutoFlowDigital,Comment 'AUTO' for the link!
2026-02-09,Instagram,Planned,Value (Educational),Workflow of the week: Lead Gen Automation,"If you're still doing Workflow of the week: Lead Gen Automation, you're losing money.",Pov: You just automated your entire job.,"ðŸ”¥ If you're still doing Workflow of the week: Lead Gen Automation, you're losing money.

Here is the breakdown of Workflow of the week: Lead Gen Automation.

1. Step One... (Expand here)
2. Step Two... (Expand here)
3. Step Three... (Expand here)

Save this for later! #automation #ai #business #AutoFlowDigital",#AI #Automation #AutoFlowDigital,Follow for more automation tips.
2026-02-09,Facebook,Planned,Value (Educational),Workflow of the week: Lead Gen Automation,"If you're still doing Workflow of the week: Lead Gen Automation, you're losing money.",Screen recording of n8n workflow executing.,"ðŸ”¥ If you're still doing Workflow of the week: Lead Gen Automation, you're losing money.

Here is the breakdown of Workflow of the week: Lead Gen Automation.

1. Step One... (Expand here)
2. Step Two... (Expand here)
3. Step Three... (Expand here)

Save this for later! #automation #ai #business #AutoFlowDigital",#AI #Automation #AutoFlowDigital,Follow for more automation tips.
2026-02-09,LinkedIn,Planned,Value (Educational),Workflow of the week: Lead Gen Automation,Stop doing Workflow of the week: Lead Gen Automation manually.,"B-roll of working in a cafe, text overlay.","ðŸ”¥ Stop doing Workflow of the week: Lead Gen Automation manually.

Here is the breakdown of Workflow of the week: Lead Gen Automation.

1. Step One... (Expand here)
2. Step Two... (Expand here)
3. Step Three... (Expand here)

Save this for later! #automation #ai #business #AutoFlowDigital",#AI #Automation #AutoFlowDigital,Follow for more automation tips.
2026-02-09,TikTok,Planned,Value (Educational),Workflow of the week: Lead Gen Automation,Stop doing Workflow of the week: Lead Gen Automation manually.,Green screen over a news article about AI.,"ðŸ”¥ Stop doing Workflow of the week: Lead Gen Automation manually.

Here is the breakdown of Workflow of the week: Lead Gen Automation.

1. Step One... (Expand here)
2. Step Two... (Expand here)
3. Step Three... (Expand here)

Save this for later! #automation #ai #business #AutoFlowDigital",#AI #Automation #AutoFlowDigital,Follow for more automation tips.
2026-02-09,YouTube Shorts,Planned,Value (Educational),Workflow of the week: Lead Gen Automation,The secret to Workflow of the week: Lead Gen Automation revealed.,Green screen over a news article about AI.,"ðŸ”¥ The secret to Workflow of the week: Lead Gen Automation revealed.

Here is the breakdown of Workflow of the week: Lead Gen Automation.

1. Step One... (Expand here)
2. Step Two... (Expand here)
3. Step Three... (Expand here)

Save this for later! #automation #ai #business #AutoFlowDigital",#AI #Automation #AutoFlowDigital,Follow for more automation tips.
2026-02-10,Instagram,Planned,Promo (Sales),Case Study: From 0 to 100 leads automated,I automate Case Study: From 0 to 100 leads automated in 5 minutes. Here's how.,Green screen over a news article about AI.,"ðŸ”¥ I automate Case Study: From 0 to 100 leads automated in 5 minutes. Here's how.

Here is the breakdown of Case Study: From 0 to 100 leads automated.

1. Step One... (Expand here)
2. Step Two... (Expand here)
3. Step Three... (Expand here)

Save this for later! #automation #ai #business #AutoFlowDigital",#AI #Automation #AutoFlowDigital,Comment 'AUTO' for the link!
2026-02-10,Instagram,Planned (Trial Variant),Promo (Sales),Case Study: From 0 to 100 leads automated,[VARIANT B] The secret to Case Study: From 0 to 100 leads automated revealed.,Green screen over a news article about AI.,"ðŸ”¥ I automate Case Study: From 0 to 100 leads automated in 5 minutes. Here's how.

Here is the breakdown of Case Study: From 0 to 100 leads automated.

1. Step One... (Expand here)
2. Step Two... (Expand here)
3. Step Three... (Expand here)

Save this for later! #automation #ai #business #AutoFlowDigital",#AI #Automation #AutoFlowDigital,Comment 'AUTO' for the link!
2026-02-10,Facebook,Planned,Promo (Sales),Case Study: From 0 to 100 leads automated,I automate Case Study: From 0 to 100 leads automated in 5 minutes. Here's how.,Pov: You just automated your entire job.,"ðŸ”¥ I automate Case Study: From 0 to 100 leads automated in 5 minutes. Here's how.

Here is the breakdown of Case Study: From 0 to 100 leads automated.

1. Step One... (Expand here)
2. Step Two... (Expand here)
3. Step Three... (Expand here)

Save this for later! #automation #ai #business #AutoFlowDigital",#AI #Automation #AutoFlowDigital,Comment 'AUTO' for the link!
2026-02-10,LinkedIn,Planned,Promo (Sales),Case Study: From 0 to 100 leads automated,The secret to Case Study: From 0 to 100 leads automated revealed.,Pov: You just automated your entire job.,"ðŸ”¥ The secret to Case Study: From 0 to 100 leads automated revealed.

Here is the breakdown of Case Study: From 0 to 100 leads automated.

1. Step One... (Expand here)
2. Step Two... (Expand here)
3. Step Three... (Expand here)

Save this for later! #automation #ai #business #AutoFlowDigital",#AI #Automation #AutoFlowDigital,Comment 'AUTO' for the link!
2026-02-10,TikTok,Planned,Promo (Sales),Case Study: From 0 to 100 leads automated,The secret to Case Study: From 0 to 100 leads automated revealed.,"B-roll of working in a cafe, text overlay.","ðŸ”¥ The secret to Case Study: From 0 to 100 leads automated revealed.

Here is the breakdown of Case Study: From 0 to 100 leads automated.

1. Step One... (Expand here)
2. Step Two... (Expand here)
3. Step Three... (Expand here)

Save this for later! #automation #ai #business #AutoFlowDigital",#AI #Automation #AutoFlowDigital,Comment 'AUTO' for the link!
2026-02-10,YouTube Shorts,Planned,Promo (Sales),Case Study: From 0 to 100 leads automated,The secret to Case Study: From 0 to 100 leads automated revealed.,Green screen over a news article about AI.,"ðŸ”¥ The secret to Case Study: From 0 to 100 leads automated revealed.

Here is the breakdown of Case Study: From 0 to 100 leads automated.

1. Step One... (Expand here)
2. Step Two... (Expand here)
3. Step Three... (Expand here)

Save this for later! #automation #ai #business #AutoFlowDigital",#AI #Automation #AutoFlowDigital,Comment 'AUTO' for the link!
2026-02-11,Instagram,Planned,Value (Educational),How to automate client onboarding in 2026,I automate automate client onboarding in 2026 in 5 minutes. Here's how.,"B-roll of working in a cafe, text overlay.","ðŸ”¥ I automate automate client onboarding in 2026 in 5 minutes. Here's how.

Here is the breakdown of How to automate client onboarding in 2026.

1. Step One... (Expand here)
2. Step Two... (Expand here)
3. Step Three... (Expand here)

Save this for later! #automation #ai #business #AutoFlowDigital",#AI #Automation #AutoFlowDigital,Follow for more automation tips.
2026-02-11,Facebook,Planned,Value (Educational),How to automate client onboarding in 2026,Stop doing automate client onboarding in 2026 manually.,Screen recording of n8n workflow executing.,"ðŸ”¥ Stop doing automate client onboarding in 2026 manually.

Here is the breakdown of How to automate client onboarding in 2026.

1. Step One... (Expand here)
2. Step Two... (Expand here)
3. Step Three... (Expand here)

Save this for later! #automation #ai #business #AutoFlowDigital",#AI #Automation #AutoFlowDigital,Follow for more automation tips.
2026-02-11,LinkedIn,Planned,Value (Educational),How to automate client onboarding in 2026,Why 99% of businesses fail at automate client onboarding in 2026.,"B-roll of working in a cafe, text overlay.","ðŸ”¥ Why 99% of businesses fail at automate client onboarding in 2026.

Here is the breakdown of How to automate client onboarding in 2026.

1. Step One... (Expand here)
2. Step Two... (Expand here)
3. Step Three... (Expand here)

Save this for later! #automation #ai #business #AutoFlowDigital",#AI #Automation #AutoFlowDigital,Follow for more automation tips.
2026-02-11,TikTok,Planned,Value (Educational),How to automate client onboarding in 2026,"If you're still doing automate client onboarding in 2026, you're losing money.",Green screen over a news article about AI.,"ðŸ”¥ If you're still doing automate client onboarding in 2026, you're losing money.

Here is the breakdown of How to automate client onboarding in 2026.

1. Step One... (Expand here)
2. Step Two... (Expand here)
3. Step Three... (Expand here)

Save this for later! #automation #ai #business #AutoFlowDigital",#AI #Automation #AutoFlowDigital,Follow for more automation tips.
2026-02-11,YouTube Shorts,Planned,Value (Educational),How to automate client onboarding in 2026,Why 99% of businesses fail at automate client onboarding in 2026.,Screen recording of n8n workflow executing.,"ðŸ”¥ Why 99% of businesses fail at automate client onboarding in 2026.

Here is the breakdown of How to automate client onboarding in 2026.

1. Step One... (Expand here)
2. Step Two... (Expand here)
3. Step Three... (Expand here)

Save this for later! #automation #ai #business #AutoFlowDigital",#AI #Automation #AutoFlowDigital,Follow for more automation tips.
2026-02-12,Instagram,Planned,Engagement (Community),Fail of the week: When automation goes wrong,Why 99% of businesses fail at Fail of the week: When automation goes wrong.,"B-roll of working in a cafe, text overlay.","ðŸ”¥ Why 99% of businesses fail at Fail of the week: When automation goes wrong.

Here is the breakdown of Fail of the week: When automation goes wrong.

1. Step One... (Expand here)
2. Step Two... (Expand here)
3. Step Three... (Expand here)

Save this for later! #automation #ai #business #AutoFlowDigital",#AI #Automation #AutoFlowDigital,Follow for more automation tips.
2026-02-12,Facebook,Planned,Engagement (Community),Fail of the week: When automation goes wrong,I automate Fail of the week: When automation goes wrong in 5 minutes. Here's how.,Green screen over a news article about AI.,"ðŸ”¥ I automate Fail of the week: When automation goes wrong in 5 minutes. Here's how.

Here is the breakdown of Fail of the week: When automation goes wrong.

1. Step One... (Expand here)
2. Step Two... (Expand here)
3. Step Three... (Expand here)

Save this for later! #automation #ai #business #AutoFlowDigital",#AI #Automation #AutoFlowDigital,Follow for more automation tips.
2026-02-12,LinkedIn,Planned,Engagement (Community),Fail of the week: When automation goes wrong,The secret to Fail of the week: When automation goes wrong revealed.,Pov: You just automated your entire job.,"ðŸ”¥ The secret to Fail of the week: When automation goes wrong revealed.

Here is the breakdown of Fail of the week: When automation goes wrong.

1. Step One... (Expand here)
2. Step Two... (Expand here)
3. Step Three... (Expand here)

Save this for later! #automation #ai #business #AutoFlowDigital",#AI #Automation #AutoFlowDigital,Follow for more automation tips.
2026-02-12,TikTok,Planned,Engagement (Community),Fail of the week: When automation goes wrong,The secret to Fail of the week: When automation goes wrong revealed.,Pov: You just automated your entire job.,"ðŸ”¥ The secret to Fail of the week: When automation goes wrong revealed.

Here is the breakdown of Fail of the week: When automation goes wrong.

1. Step One... (Expand here)
2. Step Two... (Expand here)
3. Step Three... (Expand here)

Save this for later! #automation #ai #business #AutoFlowDigital",#AI #Automation #AutoFlowDigital,Follow for more automation tips.
2026-02-12,YouTube Shorts,Planned,Engagement (Community),Fail of the week: When automation goes wrong,I automate Fail of the week: When automation goes wrong in 5 minutes. Here's how.,Screen recording of n8n workflow executing.,"ðŸ”¥ I automate Fail of the week: When automation goes wrong in 5 minutes. Here's how.

Here is the breakdown of Fail of the week: When automation goes wrong.

1. Step One... (Expand here)
2. Step Two... (Expand here)
3. Step Three... (Expand here)

Save this for later! #automation #ai #business #AutoFlowDigital",#AI #Automation #AutoFlowDigital,Follow for more automation tips.
2026-02-13,Instagram,Planned,Value (Educational),Top 3 AI tools for business efficiency,Stop doing AI tools for business efficiency manually.,Pov: You just automated your entire job.,"ðŸ”¥ Stop doing AI tools for business efficiency manually.

Here is the breakdown of Top 3 AI tools for business efficiency.

1. Step One... (Expand here)
2. Step Two... (Expand here)
3. Step Three... (Expand here)

Save this for later! #automation #ai #business #AutoFlowDigital",#AI #Automation #AutoFlowDigital,Follow for more automation tips.
2026-02-13,Facebook,Planned,Value (Educational),Top 3 AI tools for business efficiency,I automate AI tools for business efficiency in 5 minutes. Here's how.,Green screen over a news article about AI.,"ðŸ”¥ I automate AI tools for business efficiency in 5 minutes. Here's how.

Here is the breakdown of Top 3 AI tools for business efficiency.

1. Step One... (Expand here)
2. Step Two... (Expand here)
3. Step Three... (Expand here)

Save this for later! #automation #ai #business #AutoFlowDigital",#AI #Automation #AutoFlowDigital,Follow for more automation tips.
2026-02-13,LinkedIn,Planned,Value (Educational),Top 3 AI tools for business efficiency,"If you're still doing AI tools for business efficiency, you're losing money.","B-roll of working in a cafe, text overlay.","ðŸ”¥ If you're still doing AI tools for business efficiency, you're losing money.

Here is the breakdown of Top 3 AI tools for business efficiency.

1. Step One... (Expand here)
2. Step Two... (Expand here)
3. Step Three... (Expand here)

Save this for later! #automation #ai #business #AutoFlowDigital",#AI #Automation #AutoFlowDigital,Follow for more automation tips.
2026-02-13,TikTok,Planned,Value (Educational),Top 3 AI tools for business efficiency,I automate AI tools for business efficiency in 5 minutes. Here's how.,"Talking head, intense eye contact, fast cuts.","ðŸ”¥ I automate AI tools for business efficiency in 5 minutes. Here's how.

Here is the breakdown of Top 3 AI tools for business efficiency.

1. Step One... (Expand here)
2. Step Two... (Expand here)
3. Step Three... (Expand here)

Save this for later! #automation #ai #business #AutoFlowDigital",#AI #Automation #AutoFlowDigital,Follow for more automation tips.
2026-02-13,YouTube Shorts,Planned,Value (Educational),Top 3 AI tools for business efficiency,The secret to AI tools for business efficiency revealed.,"Talking head, intense eye contact, fast cuts.","ðŸ”¥ The secret to AI tools for business efficiency revealed.

Here is the breakdown of Top 3 AI tools for business efficiency.

1. Step One... (Expand here)
2. Step Two... (Expand here)
3. Step Three... (Expand here)

Save this for later! #automation #ai #business #AutoFlowDigital",#AI #Automation #AutoFlowDigital,Follow for more automation tips.
2026-02-14,Instagram,Planned,Engagement (Community),Agree or Disagree: AI will replace PMs?,I automate Agree or Disagree: AI will replace PMs? in 5 minutes. Here's how.,Green screen over a news article about AI.,"ðŸ”¥ I automate Agree or Disagree: AI will replace PMs? in 5 minutes. Here's how.

Here is the breakdown of Agree or Disagree: AI will replace PMs?.

1. Step One... (Expand here)
2. Step Two... (Expand here)
3. Step Three... (Expand here)

Save this for later! #automation #ai #business #AutoFlowDigital",#AI #Automation #AutoFlowDigital,Follow for more automation tips.
2026-02-14,Facebook,Planned,Engagement (Community),Agree or Disagree: AI will replace PMs?,The secret to Agree or Disagree: AI will replace PMs? revealed.,"Talking head, intense eye contact, fast cuts.","ðŸ”¥ The secret to Agree or Disagree: AI will replace PMs? revealed.

Here is the breakdown of Agree or Disagree: AI will replace PMs?.

1. Step One... (Expand here)
2. Step Two... (Expand here)
3. Step Three... (Expand here)

Save this for later! #automation #ai #business #AutoFlowDigital",#AI #Automation #AutoFlowDigital,Follow for more automation tips.
2026-02-14,LinkedIn,Planned,Engagement (Community),Agree or Disagree: AI will replace PMs?,Stop doing Agree or Disagree: AI will replace PMs? manually.,"B-roll of working in a cafe, text overlay.","ðŸ”¥ Stop doing Agree or Disagree: AI will replace PMs? manually.

Here is the breakdown of Agree or Disagree: AI will replace PMs?.

1. Step One... (Expand here)
2. Step Two... (Expand here)
3. Step Three... (Expand here)

Save this for later! #automation #ai #business #AutoFlowDigital",#AI #Automation #AutoFlowDigital,Follow for more automation tips.
2026-02-14,TikTok,Planned,Engagement (Community),Agree or Disagree: AI will replace PMs?,I automate Agree or Disagree: AI will replace PMs? in 5 minutes. Here's how.,Screen recording of n8n workflow executing.,"ðŸ”¥ I automate Agree or Disagree: AI will replace PMs? in 5 minutes. Here's how.

Here is the breakdown of Agree or Disagree: AI will replace PMs?.

1. Step One... (Expand here)
2. Step Two... (Expand here)
3. Step Three... (Expand here)

Save this for later! #automation #ai #business #AutoFlowDigital",#AI #Automation #AutoFlowDigital,Follow for more automation tips.
2026-02-14,YouTube Shorts,Planned,Engagement (Community),Agree or Disagree: AI will replace PMs?,I automate Agree or Disagree: AI will replace PMs? in 5 minutes. Here's how.,"B-roll of working in a cafe, text overlay.","ðŸ”¥ I automate Agree or Disagree: AI will replace PMs? in 5 minutes. Here's how.

Here is the breakdown of Agree or Disagree: AI will replace PMs?.

1. Step One... (Expand here)
2. Step Two... (Expand here)
3. Step Three... (Expand here)

Save this for later! #automation #ai #business #AutoFlowDigital",#AI #Automation #AutoFlowDigital,Follow for more automation tips.
2026-02-15,Instagram,Planned,Value (Educational),The future of work: AI + Human Hybrid,"If you're still doing The future of work: AI + Human Hybrid, you're losing money.",Pov: You just automated your entire job.,"ðŸ”¥ If you're still doing The future of work: AI + Human Hybrid, you're losing money.

Here is the breakdown of The future of work: AI + Human Hybrid.

1. Step One... (Expand here)
2. Step Two... (Expand here)
3. Step Three... (Expand here)

Save this for later! #automation #ai #business #AutoFlowDigital",#AI #Automation #AutoFlowDigital,Follow for more automation tips.
2026-02-15,Facebook,Planned,Value (Educational),The future of work: AI + Human Hybrid,I automate The future of work: AI + Human Hybrid in 5 minutes. Here's how.,"Talking head, intense eye contact, fast cuts.","ðŸ”¥ I automate The future of work: AI + Human Hybrid in 5 minutes. Here's how.

Here is the breakdown of The future of work: AI + Human Hybrid.

1. Step One... (Expand here)
2. Step Two... (Expand here)
3. Step Three... (Expand here)

Save this for later! #automation #ai #business #AutoFlowDigital",#AI #Automation #AutoFlowDigital,Follow for more automation tips.
2026-02-15,LinkedIn,Planned,Value (Educational),The future of work: AI + Human Hybrid,Why 99% of businesses fail at The future of work: AI + Human Hybrid.,Green screen over a news article about AI.,"ðŸ”¥ Why 99% of businesses fail at The future of work: AI + Human Hybrid.

Here is the breakdown of The future of work: AI + Human Hybrid.

1. Step One... (Expand here)
2. Step Two... (Expand here)
3. Step Three... (Expand here)

Save this for later! #automation #ai #business #AutoFlowDigital",#AI #Automation #AutoFlowDigital,Follow for more automation tips.
2026-02-15,TikTok,Planned,Value (Educational),The future of work: AI + Human Hybrid,I automate The future of work: AI + Human Hybrid in 5 minutes. Here's how.,Pov: You just automated your entire job.,"ðŸ”¥ I automate The future of work: AI + Human Hybrid in 5 minutes. Here's how.

Here is the breakdown of The future of work: AI + Human Hybrid.

1. Step One... (Expand here)
2. Step Two... (Expand here)
3. Step Three... (Expand here)

Save this for later! #automation #ai #business #AutoFlowDigital",#AI #Automation #AutoFlowDigital,Follow for more automation tips.
2026-02-15,YouTube Shorts,Planned,Value (Educational),The future of work: AI + Human Hybrid,Why 99% of businesses fail at The future of work: AI + Human Hybrid.,Green screen over a news article about AI.,"ðŸ”¥ Why 99% of businesses fail at The future of work: AI + Human Hybrid.

Here is the breakdown of The future of work: AI + Human Hybrid.

1. Step One... (Expand here)
2. Step Two... (Expand here)
3. Step Three... (Expand here)

Save this for later! #automation #ai #business #AutoFlowDigital",#AI #Automation #AutoFlowDigital,Follow for more automation tips.
2026-02-16,Instagram,Planned,Value (Educational),How I saved 10 hours this week with n8n,The secret to How I saved 10 hours this week with n8n revealed.,Pov: You just automated your entire job.,"ðŸ”¥ The secret to How I saved 10 hours this week with n8n revealed.

Here is the breakdown of How I saved 10 hours this week with n8n.

1. Step One... (Expand here)
2. Step Two... (Expand here)
3. Step Three... (Expand here)

Save this for later! #automation #ai #business #AutoFlowDigital",#AI #Automation #AutoFlowDigital,Follow for more automation tips.
2026-02-16,Facebook,Planned,Value (Educational),How I saved 10 hours this week with n8n,The secret to How I saved 10 hours this week with n8n revealed.,Pov: You just automated your entire job.,"ðŸ”¥ The secret to How I saved 10 hours this week with n8n revealed.

Here is the breakdown of How I saved 10 hours this week with n8n.

1. Step One... (Expand here)
2. Step Two... (Expand here)
3. Step Three... (Expand here)

Save this for later! #automation #ai #business #AutoFlowDigital",#AI #Automation #AutoFlowDigital,Follow for more automation tips.
2026-02-16,LinkedIn,Planned,Value (Educational),How I saved 10 hours this week with n8n,Why 99% of businesses fail at How I saved 10 hours this week with n8n.,Green screen over a news article about AI.,"ðŸ”¥ Why 99% of businesses fail at How I saved 10 hours this week with n8n.

Here is the breakdown of How I saved 10 hours this week with n8n.

1. Step One... (Expand here)
2. Step Two... (Expand here)
3. Step Three... (Expand here)

Save this for later! #automation #ai #business #AutoFlowDigital",#AI #Automation #AutoFlowDigital,Follow for more automation tips.
2026-02-16,TikTok,Planned,Value (Educational),How I saved 10 hours this week with n8n,The secret to How I saved 10 hours this week with n8n revealed.,"Talking head, intense eye contact, fast cuts.","ðŸ”¥ The secret to How I saved 10 hours this week with n8n revealed.

Here is the breakdown of How I saved 10 hours this week with n8n.

1. Step One... (Expand here)
2. Step Two... (Expand here)
3. Step Three... (Expand here)

Save this for later! #automation #ai #business #AutoFlowDigital",#AI #Automation #AutoFlowDigital,Follow for more automation tips.
2026-02-16,YouTube Shorts,Planned,Value (Educational),How I saved 10 hours this week with n8n,"If you're still doing How I saved 10 hours this week with n8n, you're losing money.","Talking head, intense eye contact, fast cuts.","ðŸ”¥ If you're still doing How I saved 10 hours this week with n8n, you're losing money.

Here is the breakdown of How I saved 10 hours this week with n8n.

1. Step One... (Expand here)
2. Step Two... (Expand here)
3. Step Three... (Expand here)

Save this for later! #automation #ai #business #AutoFlowDigital",#AI #Automation #AutoFlowDigital,Follow for more automation tips.
2026-02-17,Instagram,Planned,Value (Educational),Workflow of the week: Lead Gen Automation,Why 99% of businesses fail at Workflow of the week: Lead Gen Automation.,"B-roll of working in a cafe, text overlay.","ðŸ”¥ Why 99% of businesses fail at Workflow of the week: Lead Gen Automation.

Here is the breakdown of Workflow of the week: Lead Gen Automation.

1. Step One... (Expand here)
2. Step Two... (Expand here)
3. Step Three... (Expand here)

Save this for later! #automation #ai #business #AutoFlowDigital",#AI #Automation #AutoFlowDigital,Follow for more automation tips.
2026-02-17,Facebook,Planned,Value (Educational),Workflow of the week: Lead Gen Automation,I automate Workflow of the week: Lead Gen Automation in 5 minutes. Here's how.,"B-roll of working in a cafe, text overlay.","ðŸ”¥ I automate Workflow of the week: Lead Gen Automation in 5 minutes. Here's how.

Here is the breakdown of Workflow of the week: Lead Gen Automation.

1. Step One... (Expand here)
2. Step Two... (Expand here)
3. Step Three... (Expand here)

Save this for later! #automation #ai #business #AutoFlowDigital",#AI #Automation #AutoFlowDigital,Follow for more automation tips.
2026-02-17,LinkedIn,Planned,Value (Educational),Workflow of the week: Lead Gen Automation,"If you're still doing Workflow of the week: Lead Gen Automation, you're losing money.",Green screen over a news article about AI.,"ðŸ”¥ If you're still doing Workflow of the week: Lead Gen Automation, you're losing money.

Here is the breakdown of Workflow of the week: Lead Gen Automation.

1. Step One... (Expand here)
2. Step Two... (Expand here)
3. Step Three... (Expand here)

Save this for later! #automation #ai #business #AutoFlowDigital",#AI #Automation #AutoFlowDigital,Follow for more automation tips.
2026-02-17,TikTok,Planned,Value (Educational),Workflow of the week: Lead Gen Automation,The secret to Workflow of the week: Lead Gen Automation revealed.,"B-roll of working in a cafe, text overlay.","ðŸ”¥ The secret to Workflow of the week: Lead Gen Automation revealed.

Here is the breakdown of Workflow of the week: Lead Gen Automation.

1. Step One... (Expand here)
2. Step Two... (Expand here)
3. Step Three... (Expand here)

Save this for later! #automation #ai #business #AutoFlowDigital",#AI #Automation #AutoFlowDigital,Follow for more automation tips.
2026-02-17,YouTube Shorts,Planned,Value (Educational),Workflow of the week: Lead Gen Automation,I automate Workflow of the week: Lead Gen Automation in 5 minutes. Here's how.,Green screen over a news article about AI.,"ðŸ”¥ I automate Workflow of the week: Lead Gen Automation in 5 minutes. Here's how.

Here is the breakdown of Workflow of the week: Lead Gen Automation.

1. Step One... (Expand here)
2. Step Two... (Expand here)
3. Step Three... (Expand here)

Save this for later! #automation #ai #business #AutoFlowDigital",#AI #Automation #AutoFlowDigital,Follow for more automation tips.
2026-02-18,Instagram,Planned,Value (Educational),5 Automation mistakes costing you money,I automate 5 Automation mistakes costing you money in 5 minutes. Here's how.,Screen recording of n8n workflow executing.,"ðŸ”¥ I automate 5 Automation mistakes costing you money in 5 minutes. Here's how.

Here is the breakdown of 5 Automation mistakes costing you money.

1. Step One... (Expand here)
2. Step Two... (Expand here)
3. Step Three... (Expand here)

Save this for later! #automation #ai #business #AutoFlowDigital",#AI #Automation #AutoFlowDigital,Follow for more automation tips.
2026-02-18,Instagram,Planned (Trial Variant),Value (Educational),5 Automation mistakes costing you money,[VARIANT B] I automate 5 Automation mistakes costing you money in 5 minutes. Here's how.,Screen recording of n8n workflow executing.,"ðŸ”¥ I automate 5 Automation mistakes costing you money in 5 minutes. Here's how.

Here is the breakdown of 5 Automation mistakes costing you money.

1. Step One... (Expand here)
2. Step Two... (Expand here)
3. Step Three... (Expand here)

Save this for later! #automation #ai #business #AutoFlowDigital",#AI #Automation #AutoFlowDigital,Follow for more automation tips.
2026-02-18,Facebook,Planned,Value (Educational),5 Automation mistakes costing you money,The secret to 5 Automation mistakes costing you money revealed.,Screen recording of n8n workflow executing.,"ðŸ”¥ The secret to 5 Automation mistakes costing you money revealed.

Here is the breakdown of 5 Automation mistakes costing you money.

1. Step One... (Expand here)
2. Step Two... (Expand here)
3. Step Three... (Expand here)

Save this for later! #automation #ai #business #AutoFlowDigital",#AI #Automation #AutoFlowDigital,Follow for more automation tips.
2026-02-18,LinkedIn,Planned,Value (Educational),5 Automation mistakes costing you money,Why 99% of businesses fail at 5 Automation mistakes costing you money.,Pov: You just automated your entire job.,"ðŸ”¥ Why 99% of businesses fail at 5 Automation mistakes costing you money.

Here is the breakdown of 5 Automation mistakes costing you money.

1. Step One... (Expand here)
2. Step Two... (Expand here)
3. Step Three... (Expand here)

Save this for later! #automation #ai #business #AutoFlowDigital",#AI #Automation #AutoFlowDigital,Follow for more automation tips.
2026-02-18,TikTok,Planned,Value (Educational),5 Automation mistakes costing you money,The secret to 5 Automation mistakes costing you money revealed.,Pov: You just automated your entire job.,"ðŸ”¥ The secret to 5 Automation mistakes costing you money revealed.

Here is the breakdown of 5 Automation mistakes costing you money.

1. Step One... (Expand here)
2. Step Two... (Expand here)
3. Step Three... (Expand here)

Save this for later! #automation #ai #business #AutoFlowDigital",#AI #Automation #AutoFlowDigital,Follow for more automation tips.
2026-02-18,YouTube Shorts,Planned,Value (Educational),5 Automation mistakes costing you money,The secret to 5 Automation mistakes costing you money revealed.,"Talking head, intense eye contact, fast cuts.","ðŸ”¥ The secret to 5 Automation mistakes costing you money revealed.

Here is the breakdown of 5 Automation mistakes costing you money.

1. Step One... (Expand here)
2. Step Two... (Expand here)
3. Step Three... (Expand here)

Save this for later! #automation #ai #business #AutoFlowDigital",#AI #Automation #AutoFlowDigital,Follow for more automation tips.
2026-02-19,Instagram,Planned,Value (Educational),Top 3 AI tools for business efficiency,Why 99% of businesses fail at AI tools for business efficiency.,Pov: You just automated your entire job.,"ðŸ”¥ Why 99% of businesses fail at AI tools for business efficiency.

Here is the breakdown of Top 3 AI tools for business efficiency.

1. Step One... (Expand here)
2. Step Two... (Expand here)
3. Step Three... (Expand here)

Save this for later! #automation #ai #business #AutoFlowDigital",#AI #Automation #AutoFlowDigital,Follow for more automation tips.
2026-02-19,Facebook,Planned,Value (Educational),Top 3 AI tools for business efficiency,Why 99% of businesses fail at AI tools for business efficiency.,Pov: You just automated your entire job.,"ðŸ”¥ Why 99% of businesses fail at AI tools for business efficiency.

Here is the breakdown of Top 3 AI tools for business efficiency.

1. Step One... (Expand here)
2. Step Two... (Expand here)
3. Step Three... (Expand here)

Save this for later! #automation #ai #business #AutoFlowDigital",#AI #Automation #AutoFlowDigital,Follow for more automation tips.
2026-02-19,LinkedIn,Planned,Value (Educational),Top 3 AI tools for business efficiency,I automate AI tools for business efficiency in 5 minutes. Here's how.,"Talking head, intense eye contact, fast cuts.","ðŸ”¥ I automate AI tools for business efficiency in 5 minutes. Here's how.

Here is the breakdown of Top 3 AI tools for business efficiency.

1. Step One... (Expand here)
2. Step Two... (Expand here)
3. Step Three... (Expand here)

Save this for later! #automation #ai #business #AutoFlowDigital",#AI #Automation #AutoFlowDigital,Follow for more automation tips.
2026-02-19,TikTok,Planned,Value (Educational),Top 3 AI tools for business efficiency,The secret to AI tools for business efficiency revealed.,Screen recording of n8n workflow executing.,"ðŸ”¥ The secret to AI tools for business efficiency revealed.

Here is the breakdown of Top 3 AI tools for business efficiency.

1. Step One... (Expand here)
2. Step Two... (Expand here)
3. Step Three... (Expand here)

Save this for later! #automation #ai #business #AutoFlowDigital",#AI #Automation #AutoFlowDigital,Follow for more automation tips.
2026-02-19,YouTube Shorts,Planned,Value (Educational),Top 3 AI tools for business efficiency,Why 99% of businesses fail at AI tools for business efficiency.,"B-roll of working in a cafe, text overlay.","ðŸ”¥ Why 99% of businesses fail at AI tools for business efficiency.

Here is the breakdown of Top 3 AI tools for business efficiency.

1. Step One... (Expand here)
2. Step Two... (Expand here)
3. Step Three... (Expand here)

Save this for later! #automation #ai #business #AutoFlowDigital",#AI #Automation #AutoFlowDigital,Follow for more automation tips.
2026-02-20,Instagram,Planned,Value (Educational),Workflow of the week: Lead Gen Automation,The secret to Workflow of the week: Lead Gen Automation revealed.,Pov: You just automated your entire job.,"ðŸ”¥ The secret to Workflow of the week: Lead Gen Automation revealed.

Here is the breakdown of Workflow of the week: Lead Gen Automation.

1. Step One... (Expand here)
2. Step Two... (Expand here)
3. Step Three... (Expand here)

Save this for later! #automation #ai #business #AutoFlowDigital",#AI #Automation #AutoFlowDigital,Follow for more automation tips.
2026-02-20,Instagram,Planned (Trial Variant),Value (Educational),Workflow of the week: Lead Gen Automation,[VARIANT B] Why 99% of businesses fail at Workflow of the week: Lead Gen Automation.,Pov: You just automated your entire job.,"ðŸ”¥ The secret to Workflow of the week: Lead Gen Automation revealed.

Here is the breakdown of Workflow of the week: Lead Gen Automation.

1. Step One... (Expand here)
2. Step Two... (Expand here)
3. Step Three... (Expand here)

Save this for later! #automation #ai #business #AutoFlowDigital",#AI #Automation #AutoFlowDigital,Follow for more automation tips.
2026-02-20,Facebook,Planned,Value (Educational),Workflow of the week: Lead Gen Automation,Why 99% of businesses fail at Workflow of the week: Lead Gen Automation.,Pov: You just automated your entire job.,"ðŸ”¥ Why 99% of businesses fail at Workflow of the week: Lead Gen Automation.

Here is the breakdown of Workflow of the week: Lead Gen Automation.

1. Step One... (Expand here)
2. Step Two... (Expand here)
3. Step Three... (Expand here)

Save this for later! #automation #ai #business #AutoFlowDigital",#AI #Automation #AutoFlowDigital,Follow for more automation tips.
2026-02-20,LinkedIn,Planned,Value (Educational),Workflow of the week: Lead Gen Automation,The secret to Workflow of the week: Lead Gen Automation revealed.,"Talking head, intense eye contact, fast cuts.","ðŸ”¥ The secret to Workflow of the week: Lead Gen Automation revealed.

Here is the breakdown of Workflow of the week: Lead Gen Automation.

1. Step One... (Expand here)
2. Step Two... (Expand here)
3. Step Three... (Expand here)

Save this for later! #automation #ai #business #AutoFlowDigital",#AI #Automation #AutoFlowDigital,Follow for more automation tips.
2026-02-20,TikTok,Planned,Value (Educational),Workflow of the week: Lead Gen Automation,The secret to Workflow of the week: Lead Gen Automation revealed.,Screen recording of n8n workflow executing.,"ðŸ”¥ The secret to Workflow of the week: Lead Gen Automation revealed.

Here is the breakdown of Workflow of the week: Lead Gen Automation.

1. Step One... (Expand here)
2. Step Two... (Expand here)
3. Step Three... (Expand here)

Save this for later! #automation #ai #business #AutoFlowDigital",#AI #Automation #AutoFlowDigital,Follow for more automation tips.
2026-02-20,YouTube Shorts,Planned,Value (Educational),Workflow of the week: Lead Gen Automation,"If you're still doing Workflow of the week: Lead Gen Automation, you're losing money.",Green screen over a news article about AI.,"ðŸ”¥ If you're still doing Workflow of the week: Lead Gen Automation, you're losing money.

Here is the breakdown of Workflow of the week: Lead Gen Automation.

1. Step One... (Expand here)
2. Step Two... (Expand here)
3. Step Three... (Expand here)

Save this for later! #automation #ai #business #AutoFlowDigital",#AI #Automation #AutoFlowDigital,Follow for more automation tips.
2026-02-21,Instagram,Planned,Value (Educational),5 Automation mistakes costing you money,I automate 5 Automation mistakes costing you money in 5 minutes. Here's how.,"Talking head, intense eye contact, fast cuts.","ðŸ”¥ I automate 5 Automation mistakes costing you money in 5 minutes. Here's how.

Here is the breakdown of 5 Automation mistakes costing you money.

1. Step One... (Expand here)
2. Step Two... (Expand here)
3. Step Three... (Expand here)

Save this for later! #automation #ai #business #AutoFlowDigital",#AI #Automation #AutoFlowDigital,Follow for more automation tips.
2026-02-21,Facebook,Planned,Value (Educational),5 Automation mistakes costing you money,Why 99% of businesses fail at 5 Automation mistakes costing you money.,"B-roll of working in a cafe, text overlay.","ðŸ”¥ Why 99% of businesses fail at 5 Automation mistakes costing you money.

Here is the breakdown of 5 Automation mistakes costing you money.

1. Step One... (Expand here)
2. Step Two... (Expand here)
3. Step Three... (Expand here)

Save this for later! #automation #ai #business #AutoFlowDigital",#AI #Automation #AutoFlowDigital,Follow for more automation tips.
2026-02-21,LinkedIn,Planned,Value (Educational),5 Automation mistakes costing you money,"If you're still doing 5 Automation mistakes costing you money, you're losing money.",Green screen over a news article about AI.,"ðŸ”¥ If you're still doing 5 Automation mistakes costing you money, you're losing money.

Here is the breakdown of 5 Automation mistakes costing you money.

1. Step One... (Expand here)
2. Step Two... (Expand here)
3. Step Three... (Expand here)

Save this for later! #automation #ai #business #AutoFlowDigital",#AI #Automation #AutoFlowDigital,Follow for more automation tips.
2026-02-21,TikTok,Planned,Value (Educational),5 Automation mistakes costing you money,Stop doing 5 Automation mistakes costing you money manually.,"Talking head, intense eye contact, fast cuts.","ðŸ”¥ Stop doing 5 Automation mistakes costing you money manually.

Here is the breakdown of 5 Automation mistakes costing you money.

1. Step One... (Expand here)
2. Step Two... (Expand here)
3. Step Three... (Expand here)

Save this for later! #automation #ai #business #AutoFlowDigital",#AI #Automation #AutoFlowDigital,Follow for more automation tips.
2026-02-21,YouTube Shorts,Planned,Value (Educational),5 Automation mistakes costing you money,Stop doing 5 Automation mistakes costing you money manually.,Green screen over a news article about AI.,"ðŸ”¥ Stop doing 5 Automation mistakes costing you money manually.

Here is the breakdown of 5 Automation mistakes costing you money.

1. Step One... (Expand here)
2. Step Two... (Expand here)
3. Step Three... (Expand here)

Save this for later! #automation #ai #business #AutoFlowDigital",#AI #Automation #AutoFlowDigital,Follow for more automation tips.
2026-02-22,Instagram,Planned,Value (Educational),Stop manually sending emails - do this instead,I automate Stop manually sending emails - do this instead in 5 minutes. Here's how.,"B-roll of working in a cafe, text overlay.","ðŸ”¥ I automate Stop manually sending emails - do this instead in 5 minutes. Here's how.

Here is the breakdown of Stop manually sending emails - do this instead.

1. Step One... (Expand here)
2. Step Two... (Expand here)
3. Step Three... (Expand here)

Save this for later! #automation #ai #business #AutoFlowDigital",#AI #Automation #AutoFlowDigital,Follow for more automation tips.
2026-02-22,Facebook,Planned,Value (Educational),Stop manually sending emails - do this instead,Stop doing Stop manually sending emails - do this instead manually.,Pov: You just automated your entire job.,"ðŸ”¥ Stop doing Stop manually sending emails - do this instead manually.

Here is the breakdown of Stop manually sending emails - do this instead.

1. Step One... (Expand here)
2. Step Two... (Expand here)
3. Step Three... (Expand here)

Save this for later! #automation #ai #business #AutoFlowDigital",#AI #Automation #AutoFlowDigital,Follow for more automation tips.
2026-02-22,LinkedIn,Planned,Value (Educational),Stop manually sending emails - do this instead,Stop doing Stop manually sending emails - do this instead manually.,Pov: You just automated your entire job.,"ðŸ”¥ Stop doing Stop manually sending emails - do this instead manually.

Here is the breakdown of Stop manually sending emails - do this instead.

1. Step One... (Expand here)
2. Step Two... (Expand here)
3. Step Three... (Expand here)

Save this for later! #automation #ai #business #AutoFlowDigital",#AI #Automation #AutoFlowDigital,Follow for more automation tips.
2026-02-22,TikTok,Planned,Value (Educational),Stop manually sending emails - do this instead,"If you're still doing Stop manually sending emails - do this instead, you're losing money.",Green screen over a news article about AI.,"ðŸ”¥ If you're still doing Stop manually sending emails - do this instead, you're losing money.

Here is the breakdown of Stop manually sending emails - do this instead.

1. Step One... (Expand here)
2. Step Two... (Expand here)
3. Step Three... (Expand here)

Save this for later! #automation #ai #business #AutoFlowDigital",#AI #Automation #AutoFlowDigital,Follow for more automation tips.
2026-02-22,YouTube Shorts,Planned,Value (Educational),Stop manually sending emails - do this instead,Stop doing Stop manually sending emails - do this instead manually.,Screen recording of n8n workflow executing.,"ðŸ”¥ Stop doing Stop manually sending emails - do this instead manually.

Here is the breakdown of Stop manually sending emails - do this instead.

1. Step One... (Expand here)
2. Step Two... (Expand here)
3. Step Three... (Expand here)

Save this for later! #automation #ai #business #AutoFlowDigital",#AI #Automation #AutoFlowDigital,Follow for more automation tips.
2026-02-23,Instagram,Planned,Engagement (Community),What's your biggest time waster in business?,"If you're still doing What's your biggest time waster in business?, you're losing money.","B-roll of working in a cafe, text overlay.","ðŸ”¥ If you're still doing What's your biggest time waster in business?, you're losing money.

Here is the breakdown of What's your biggest time waster in business?.

1. Step One... (Expand here)
2. Step Two... (Expand here)
3. Step Three... (Expand here)

Save this for later! #automation #ai #business #AutoFlowDigital",#AI #Automation #AutoFlowDigital,Follow for more automation tips.
2026-02-23,Facebook,Planned,Engagement (Community),What's your biggest time waster in business?,Stop doing What's your biggest time waster in business? manually.,Screen recording of n8n workflow executing.,"ðŸ”¥ Stop doing What's your biggest time waster in business? manually.

Here is the breakdown of What's your biggest time waster in business?.

1. Step One... (Expand here)
2. Step Two... (Expand here)
3. Step Three... (Expand here)

Save this for later! #automation #ai #business #AutoFlowDigital",#AI #Automation #AutoFlowDigital,Follow for more automation tips.
2026-02-23,LinkedIn,Planned,Engagement (Community),What's your biggest time waster in business?,I automate What's your biggest time waster in business? in 5 minutes. Here's how.,"Talking head, intense eye contact, fast cuts.","ðŸ”¥ I automate What's your biggest time waster in business? in 5 minutes. Here's how.

Here is the breakdown of What's your biggest time waster in business?.

1. Step One... (Expand here)
2. Step Two... (Expand here)
3. Step Three... (Expand here)

Save this for later! #automation #ai #business #AutoFlowDigital",#AI #Automation #AutoFlowDigital,Follow for more automation tips.
2026-02-23,TikTok,Planned,Engagement (Community),What's your biggest time waster in business?,I automate What's your biggest time waster in business? in 5 minutes. Here's how.,"B-roll of working in a cafe, text overlay.","ðŸ”¥ I automate What's your biggest time waster in business? in 5 minutes. Here's how.

Here is the breakdown of What's your biggest time waster in business?.

1. Step One... (Expand here)
2. Step Two... (Expand here)
3. Step Three... (Expand here)

Save this for later! #automation #ai #business #AutoFlowDigital",#AI #Automation #AutoFlowDigital,Follow for more automation tips.
2026-02-23,YouTube Shorts,Planned,Engagement (Community),What's your biggest time waster in business?,I automate What's your biggest time waster in business? in 5 minutes. Here's how.,Pov: You just automated your entire job.,"ðŸ”¥ I automate What's your biggest time waster in business? in 5 minutes. Here's how.

Here is the breakdown of What's your biggest time waster in business?.

1. Step One... (Expand here)
2. Step Two... (Expand here)
3. Step Three... (Expand here)

Save this for later! #automation #ai #business #AutoFlowDigital",#AI #Automation #AutoFlowDigital,Follow for more automation tips.
2026-02-24,Instagram,Planned,Value (Educational),The future of work: AI + Human Hybrid,I automate The future of work: AI + Human Hybrid in 5 minutes. Here's how.,Green screen over a news article about AI.,"ðŸ”¥ I automate The future of work: AI + Human Hybrid in 5 minutes. Here's how.

Here is the breakdown of The future of work: AI + Human Hybrid.

1. Step One... (Expand here)
2. Step Two... (Expand here)
3. Step Three... (Expand here)

Save this for later! #automation #ai #business #AutoFlowDigital",#AI #Automation #AutoFlowDigital,Follow for more automation tips.
2026-02-24,Facebook,Planned,Value (Educational),The future of work: AI + Human Hybrid,"If you're still doing The future of work: AI + Human Hybrid, you're losing money.","Talking head, intense eye contact, fast cuts.","ðŸ”¥ If you're still doing The future of work: AI + Human Hybrid, you're losing money.

Here is the breakdown of The future of work: AI + Human Hybrid.

1. Step One... (Expand here)
2. Step Two... (Expand here)
3. Step Three... (Expand here)

Save this for later! #automation #ai #business #AutoFlowDigital",#AI #Automation #AutoFlowDigital,Follow for more automation tips.
2026-02-24,LinkedIn,Planned,Value (Educational),The future of work: AI + Human Hybrid,Why 99% of businesses fail at The future of work: AI + Human Hybrid.,"Talking head, intense eye contact, fast cuts.","ðŸ”¥ Why 99% of businesses fail at The future of work: AI + Human Hybrid.

Here is the breakdown of The future of work: AI + Human Hybrid.

1. Step One... (Expand here)
2. Step Two... (Expand here)
3. Step Three... (Expand here)

Save this for later! #automation #ai #business #AutoFlowDigital",#AI #Automation #AutoFlowDigital,Follow for more automation tips.
2026-02-24,TikTok,Planned,Value (Educational),The future of work: AI + Human Hybrid,Why 99% of businesses fail at The future of work: AI + Human Hybrid.,Screen recording of n8n workflow executing.,"ðŸ”¥ Why 99% of businesses fail at The future of work: AI + Human Hybrid.

Here is the breakdown of The future of work: AI + Human Hybrid.

1. Step One... (Expand here)
2. Step Two... (Expand here)
3. Step Three... (Expand here)

Save this for later! #automation #ai #business #AutoFlowDigital",#AI #Automation #AutoFlowDigital,Follow for more automation tips.
2026-02-24,YouTube Shorts,Planned,Value (Educational),The future of work: AI + Human Hybrid,The secret to The future of work: AI + Human Hybrid revealed.,Green screen over a news article about AI.,"ðŸ”¥ The secret to The future of work: AI + Human Hybrid revealed.

Here is the breakdown of The future of work: AI + Human Hybrid.

1. Step One... (Expand here)
2. Step Two... (Expand here)
3. Step Three... (Expand here)

Save this for later! #automation #ai #business #AutoFlowDigital",#AI #Automation #AutoFlowDigital,Follow for more automation tips.
2026-02-25,Instagram,Planned,Engagement (Community),Behind the scenes of our automation agency,Stop doing Behind the scenes of our automation agency manually.,Screen recording of n8n workflow executing.,"ðŸ”¥ Stop doing Behind the scenes of our automation agency manually.

Here is the breakdown of Behind the scenes of our automation agency.

1. Step One... (Expand here)
2. Step Two... (Expand here)
3. Step Three... (Expand here)

Save this for later! #automation #ai #business #AutoFlowDigital",#AI #Automation #AutoFlowDigital,Follow for more automation tips.
2026-02-25,Facebook,Planned,Engagement (Community),Behind the scenes of our automation agency,Why 99% of businesses fail at Behind the scenes of our automation agency.,"B-roll of working in a cafe, text overlay.","ðŸ”¥ Why 99% of businesses fail at Behind the scenes of our automation agency.

Here is the breakdown of Behind the scenes of our automation agency.

1. Step One... (Expand here)
2. Step Two... (Expand here)
3. Step Three... (Expand here)

Save this for later! #automation #ai #business #AutoFlowDigital",#AI #Automation #AutoFlowDigital,Follow for more automation tips.
2026-02-25,LinkedIn,Planned,Engagement (Community),Behind the scenes of our automation agency,"If you're still doing Behind the scenes of our automation agency, you're losing money.","Talking head, intense eye contact, fast cuts.","ðŸ”¥ If you're still doing Behind the scenes of our automation agency, you're losing money.

Here is the breakdown of Behind the scenes of our automation agency.

1. Step One... (Expand here)
2. Step Two... (Expand here)
3. Step Three... (Expand here)

Save this for later! #automation #ai #business #AutoFlowDigital",#AI #Automation #AutoFlowDigital,Follow for more automation tips.
2026-02-25,TikTok,Planned,Engagement (Community),Behind the scenes of our automation agency,I automate Behind the scenes of our automation agency in 5 minutes. Here's how.,Pov: You just automated your entire job.,"ðŸ”¥ I automate Behind the scenes of our automation agency in 5 minutes. Here's how.

Here is the breakdown of Behind the scenes of our automation agency.

1. Step One... (Expand here)
2. Step Two... (Expand here)
3. Step Three... (Expand here)

Save this for later! #automation #ai #business #AutoFlowDigital",#AI #Automation #AutoFlowDigital,Follow for more automation tips.
2026-02-25,YouTube Shorts,Planned,Engagement (Community),Behind the scenes of our automation agency,I automate Behind the scenes of our automation agency in 5 minutes. Here's how.,Green screen over a news article about AI.,"ðŸ”¥ I automate Behind the scenes of our automation agency in 5 minutes. Here's how.

Here is the breakdown of Behind the scenes of our automation agency.

1. Step One... (Expand here)
2. Step Two... (Expand here)
3. Step Three... (Expand here)

Save this for later! #automation #ai #business #AutoFlowDigital",#AI #Automation #AutoFlowDigital,Follow for more automation tips.
2026-02-26,Instagram,Planned,Value (Educational),The future of work: AI + Human Hybrid,Why 99% of businesses fail at The future of work: AI + Human Hybrid.,"B-roll of working in a cafe, text overlay.","ðŸ”¥ Why 99% of businesses fail at The future of work: AI + Human Hybrid.

Here is the breakdown of The future of work: AI + Human Hybrid.

1. Step One... (Expand here)
2. Step Two... (Expand here)
3. Step Three... (Expand here)

Save this for later! #automation #ai #business #AutoFlowDigital",#AI #Automation #AutoFlowDigital,Follow for more automation tips.
2026-02-26,Facebook,Planned,Value (Educational),The future of work: AI + Human Hybrid,The secret to The future of work: AI + Human Hybrid revealed.,"B-roll of working in a cafe, text overlay.","ðŸ”¥ The secret to The future of work: AI + Human Hybrid revealed.

Here is the breakdown of The future of work: AI + Human Hybrid.

1. Step One... (Expand here)
2. Step Two... (Expand here)
3. Step Three... (Expand here)

Save this for later! #automation #ai #business #AutoFlowDigital",#AI #Automation #AutoFlowDigital,Follow for more automation tips.
2026-02-26,LinkedIn,Planned,Value (Educational),The future of work: AI + Human Hybrid,The secret to The future of work: AI + Human Hybrid revealed.,"Talking head, intense eye contact, fast cuts.","ðŸ”¥ The secret to The future of work: AI + Human Hybrid revealed.

Here is the breakdown of The future of work: AI + Human Hybrid.

1. Step One... (Expand here)
2. Step Two... (Expand here)
3. Step Three... (Expand here)

Save this for later! #automation #ai #business #AutoFlowDigital",#AI #Automation #AutoFlowDigital,Follow for more automation tips.
2026-02-26,TikTok,Planned,Value (Educational),The future of work: AI + Human Hybrid,Why 99% of businesses fail at The future of work: AI + Human Hybrid.,Green screen over a news article about AI.,"ðŸ”¥ Why 99% of businesses fail at The future of work: AI + Human Hybrid.

Here is the breakdown of The future of work: AI + Human Hybrid.

1. Step One... (Expand here)
2. Step Two... (Expand here)
3. Step Three... (Expand here)

Save this for later! #automation #ai #business #AutoFlowDigital",#AI #Automation #AutoFlowDigital,Follow for more automation tips.
2026-02-26,YouTube Shorts,Planned,Value (Educational),The future of work: AI + Human Hybrid,"If you're still doing The future of work: AI + Human Hybrid, you're losing money.",Green screen over a news article about AI.,"ðŸ”¥ If you're still doing The future of work: AI + Human Hybrid, you're losing money.

Here is the breakdown of The future of work: AI + Human Hybrid.

1. Step One... (Expand here)
2. Step Two... (Expand here)
3. Step Three... (Expand here)

Save this for later! #automation #ai #business #AutoFlowDigital",#AI #Automation #AutoFlowDigital,Follow for more automation tips.
2026-02-27,Instagram,Planned,Promo (Sales),Need custom n8n workflows? DM us.,"If you're still doing Need custom n8n workflows? DM us., you're losing money.",Green screen over a news article about AI.,"ðŸ”¥ If you're still doing Need custom n8n workflows? DM us., you're losing money.

Here is the breakdown of Need custom n8n workflows? DM us..

1. Step One... (Expand here)
2. Step Two... (Expand here)
3. Step Three... (Expand here)

Save this for later! #automation #ai #business #AutoFlowDigital",#AI #Automation #AutoFlowDigital,Comment 'AUTO' for the link!
2026-02-27,Instagram,Planned (Trial Variant),Promo (Sales),Need custom n8n workflows? DM us.,[VARIANT B] Why 99% of businesses fail at Need custom n8n workflows? DM us..,Green screen over a news article about AI.,"ðŸ”¥ If you're still doing Need custom n8n workflows? DM us., you're losing money.

Here is the breakdown of Need custom n8n workflows? DM us..

1. Step One... (Expand here)
2. Step Two... (Expand here)
3. Step Three... (Expand here)

Save this for later! #automation #ai #business #AutoFlowDigital",#AI #Automation #AutoFlowDigital,Comment 'AUTO' for the link!
2026-02-27,Facebook,Planned,Promo (Sales),Need custom n8n workflows? DM us.,Stop doing Need custom n8n workflows? DM us. manually.,"B-roll of working in a cafe, text overlay.","ðŸ”¥ Stop doing Need custom n8n workflows? DM us. manually.

Here is the breakdown of Need custom n8n workflows? DM us..

1. Step One... (Expand here)
2. Step Two... (Expand here)
3. Step Three... (Expand here)

Save this for later! #automation #ai #business #AutoFlowDigital",#AI #Automation #AutoFlowDigital,Comment 'AUTO' for the link!
2026-02-27,LinkedIn,Planned,Promo (Sales),Need custom n8n workflows? DM us.,"If you're still doing Need custom n8n workflows? DM us., you're losing money.","Talking head, intense eye contact, fast cuts.","ðŸ”¥ If you're still doing Need custom n8n workflows? DM us., you're losing money.

Here is the breakdown of Need custom n8n workflows? DM us..

1. Step One... (Expand here)
2. Step Two... (Expand here)
3. Step Three... (Expand here)

Save this for later! #automation #ai #business #AutoFlowDigital",#AI #Automation #AutoFlowDigital,Comment 'AUTO' for the link!
2026-02-27,TikTok,Planned,Promo (Sales),Need custom n8n workflows? DM us.,Why 99% of businesses fail at Need custom n8n workflows? DM us..,Pov: You just automated your entire job.,"ðŸ”¥ Why 99% of businesses fail at Need custom n8n workflows? DM us..

Here is the breakdown of Need custom n8n workflows? DM us..

1. Step One... (Expand here)
2. Step Two... (Expand here)
3. Step Three... (Expand here)

Save this for later! #automation #ai #business #AutoFlowDigital",#AI #Automation #AutoFlowDigital,Comment 'AUTO' for the link!
2026-02-27,YouTube Shorts,Planned,Promo (Sales),Need custom n8n workflows? DM us.,I automate Need custom n8n workflows? DM us. in 5 minutes. Here's how.,Green screen over a news article about AI.,"ðŸ”¥ I automate Need custom n8n workflows? DM us. in 5 minutes. Here's how.

Here is the breakdown of Need custom n8n workflows? DM us..

1. Step One... (Expand here)
2. Step Two... (Expand here)
3. Step Three... (Expand here)

Save this for later! #automation #ai #business #AutoFlowDigital",#AI #Automation #AutoFlowDigital,Comment 'AUTO' for the link!
2026-02-28,Instagram,Planned,Value (Educational),Zapier vs Make: Which is better for agencies?,The secret to Zapier vs Make: Which is better for agencies? revealed.,"Talking head, intense eye contact, fast cuts.","ðŸ”¥ The secret to Zapier vs Make: Which is better for agencies? revealed.

Here is the breakdown of Zapier vs Make: Which is better for agencies?.

1. Step One... (Expand here)
2. Step Two... (Expand here)
3. Step Three... (Expand here)

Save this for later! #automation #ai #business #AutoFlowDigital",#AI #Automation #AutoFlowDigital,Follow for more automation tips.
2026-02-28,Facebook,Planned,Value (Educational),Zapier vs Make: Which is better for agencies?,Why 99% of businesses fail at Zapier vs Make: Which is better for agencies?.,Screen recording of n8n workflow executing.,"ðŸ”¥ Why 99% of businesses fail at Zapier vs Make: Which is better for agencies?.

Here is the breakdown of Zapier vs Make: Which is better for agencies?.

1. Step One... (Expand here)
2. Step Two... (Expand here)
3. Step Three... (Expand here)

Save this for later! #automation #ai #business #AutoFlowDigital",#AI #Automation #AutoFlowDigital,Follow for more automation tips.
2026-02-28,LinkedIn,Planned,Value (Educational),Zapier vs Make: Which is better for agencies?,Stop doing Zapier vs Make: Which is better for agencies? manually.,Screen recording of n8n workflow executing.,"ðŸ”¥ Stop doing Zapier vs Make: Which is better for agencies? manually.

Here is the breakdown of Zapier vs Make: Which is better for agencies?.

1. Step One... (Expand here)
2. Step Two... (Expand here)
3. Step Three... (Expand here)

Save this for later! #automation #ai #business #AutoFlowDigital",#AI #Automation #AutoFlowDigital,Follow for more automation tips.
2026-02-28,TikTok,Planned,Value (Educational),Zapier vs Make: Which is better for agencies?,Stop doing Zapier vs Make: Which is better for agencies? manually.,"Talking head, intense eye contact, fast cuts.","ðŸ”¥ Stop doing Zapier vs Make: Which is better for agencies? manually.

Here is the breakdown of Zapier vs Make: Which is better for agencies?.

1. Step One... (Expand here)
2. Step Two... (Expand here)
3. Step Three... (Expand here)

Save this for later! #automation #ai #business #AutoFlowDigital",#AI #Automation #AutoFlowDigital,Follow for more automation tips.
2026-02-28,YouTube Shorts,Planned,Value (Educational),Zapier vs Make: Which is better for agencies?,The secret to Zapier vs Make: Which is better for agencies? revealed.,"Talking head, intense eye contact, fast cuts.","ðŸ”¥ The secret to Zapier vs Make: Which is better for agencies? revealed.

Here is the breakdown of Zapier vs Make: Which is better for agencies?.

1. Step One... (Expand here)
2. Step Two... (Expand here)
3. Step Three... (Expand here)

Save this for later! #automation #ai #business #AutoFlowDigital",#AI #Automation #AutoFlowDigital,Follow for more automation tips.
